{
  "corpus_docs": 1000,
  "dataset": "scifact-1k",
  "dim": 768,
  "k": 100,
  "model_id": "BAAI/bge-base-en-v1.5",
  "queries": 300,
  "results": [
    {
      "config": "single_pass",
      "latency": {
        "mean_ms": 147.60474049666655,
        "n": 300,
        "p50_ms": 146.055297,
        "p95_ms": 182.5911,
        "p99_ms": 190.951605
      },
      "map": 0.8224983668316723,
      "mrr": 0.8306838866258879,
      "ndcg_at_10": 0.845865680550998,
      "ndcg_at_100": 0.8632518249574073,
      "qps": {
        "completed": 105,
        "latency": {
          "mean_ms": 627.4837098666667,
          "n": 105,
          "p50_ms": 633.607573,
          "p95_ms": 722.991633,
          "p99_ms": 838.0994539999999
        },
        "qps": 12.517082351369911,
        "secs": 8.388536326
      },
      "recall_at_10": 0.9208888888888889,
      "recall_at_100": 0.9933333333333333
    },
    {
      "config": "two_pass",
      "latency": {
        "mean_ms": 176.21182580666675,
        "n": 300,
        "p50_ms": 174.259779,
        "p95_ms": 213.43055999999999,
        "p99_ms": 223.933607
      },
      "map": 0.822881412747501,
      "mrr": 0.8310725998283941,
      "ndcg_at_10": 0.8471483082800391,
      "ndcg_at_100": 0.8635981384652979,
      "qps": {
        "completed": 85,
        "latency": {
          "mean_ms": 779.1540350470589,
          "n": 85,
          "p50_ms": 787.6516310000001,
          "p95_ms": 885.695209,
          "p99_ms": 1116.4758450000002
        },
        "qps": 10.017490532577238,
        "secs": 8.485159005
      },
      "recall_at_10": 0.9242222222222222,
      "recall_at_100": 0.9933333333333333
    },
    {
      "config": "rerank",
      "latency": {
        "mean_ms": 15869.816934796661,
        "n": 300,
        "p50_ms": 15103.900015000001,
        "p95_ms": 21417.791509000002,
        "p99_ms": 22625.405078
      },
      "map": 0.6319104056519331,
      "mrr": 0.6443926411809954,
      "ndcg_at_10": 0.6713375743014715,
      "ndcg_at_100": 0.710396174387697,
      "qps": {
        "completed": 8,
        "latency": {
          "mean_ms": 26286.12628475,
          "n": 8,
          "p50_ms": 24889.192969,
          "p95_ms": 32166.650187000003,
          "p99_ms": 32166.650187000003
        },
        "qps": 0.24870395626692937,
        "secs": 32.166758101
      },
      "recall_at_10": 0.8019999999999999,
      "recall_at_100": 0.9933333333333333
    },
    {
      "config": "two_pass_rerank",
      "latency": {
        "mean_ms": 15749.06994372334,
        "n": 300,
        "p50_ms": 15030.227543,
        "p95_ms": 21038.890063,
        "p99_ms": 22432.801917999997
      },
      "map": 0.6320441085138567,
      "mrr": 0.6444835149328776,
      "ndcg_at_10": 0.671893236170446,
      "ndcg_at_100": 0.7104921297998338,
      "qps": {
        "completed": 8,
        "latency": {
          "mean_ms": 28451.25987075,
          "n": 8,
          "p50_ms": 27499.714644,
          "p95_ms": 36061.501938,
          "p99_ms": 36061.501938
        },
        "qps": 0.2218425255278265,
        "secs": 36.061616144
      },
      "recall_at_10": 0.8031111111111111,
      "recall_at_100": 0.9933333333333333
    }
  ]
}
