{
  "corpus_docs": 400,
  "dataset": "scifact-mini",
  "dim": 768,
  "k": 50,
  "model_id": "BAAI/bge-base-en-v1.5",
  "queries": 50,
  "results": [
    {
      "config": "single_pass",
      "latency": {
        "mean_ms": 134.45687040000004,
        "n": 50,
        "p50_ms": 130.111671,
        "p95_ms": 170.580387,
        "p99_ms": 197.848924
      },
      "map": 0.8930298701298702,
      "mrr": 0.9017965367965368,
      "ndcg_at_10": 0.9165555038584248,
      "ndcg_at_100": 0.9204867365030812,
      "recall_at_10": 0.98,
      "recall_at_100": 1.0
    },
    {
      "config": "two_pass",
      "latency": {
        "mean_ms": 152.53579022000002,
        "n": 50,
        "p50_ms": 143.17487300000002,
        "p95_ms": 189.172277,
        "p99_ms": 215.480294
      },
      "map": 0.8930298701298702,
      "mrr": 0.9017965367965368,
      "ndcg_at_10": 0.9165555038584248,
      "ndcg_at_100": 0.9204867365030812,
      "recall_at_10": 0.98,
      "recall_at_100": 1.0
    },
    {
      "config": "rerank",
      "latency": {
        "mean_ms": 62955.13873382,
        "n": 50,
        "p50_ms": 63064.404222,
        "p95_ms": 63811.61552399999,
        "p99_ms": 64068.34057099999
      },
      "map": 0.9299194139194139,
      "mrr": 0.9323809523809524,
      "ndcg_at_10": 0.9345000421919135,
      "ndcg_at_100": 0.9458033473340334,
      "recall_at_10": 0.956,
      "recall_at_100": 1.0
    },
    {
      "config": "two_pass_rerank",
      "latency": {
        "mean_ms": 63615.45007496001,
        "n": 50,
        "p50_ms": 63523.147515,
        "p95_ms": 64940.42995700001,
        "p99_ms": 65544.256515
      },
      "map": 0.9299194139194139,
      "mrr": 0.9323809523809524,
      "ndcg_at_10": 0.9345000421919135,
      "ndcg_at_100": 0.9458033473340334,
      "recall_at_10": 0.956,
      "recall_at_100": 1.0
    }
  ]
}
